"addr","lat","long"
"桃園市桃園區正光二街181號","24.99980642","121.29165563"
"桃園市桃園區正光二街181號","24.99980642","121.29165563"
"桃園市桃園區正光二街181號","24.99980642","121.29165563"
"桃園市桃園區正光二街181巷1號","24.99944542","121.29167763"
"桃園市桃園區正光二街181巷1號","24.99944542","121.29167763"
"桃園市桃園區民富十一街1號","25.011176","121.317788"
"桃園市桃園區民富十一街1號","25.011176","121.317788"
"桃園市桃園區正光路186巷61號","24.99723542","121.29624163"
"桃園市桃園區大興路511號","25.016283","121.315539"
"桃園市桃園區藝文一街61號","25.014776","121.300609"
"桃園市桃園區小檜溪段271號","24.99387997","121.30190407"
"桃園市桃園區龍鳳三街65巷1號","24.986182","121.280048"
"桃園市桃園區中埔六街151號","25.01798","121.29414"
"桃園市桃園區國際路二段121號","24.993101","121.287963"
"桃園市桃園區藝文一街31號","25.014776","121.300609"
"桃園市桃園區文中一路301號","25.004065","121.292592"
"桃園市桃園區天祥六街1號","25.022938","121.302555"
"桃園市桃園區大興西路二段181號","25.009543","121.295848"
"桃園市桃園區經國路198巷1號","25.01761742","121.30573363"
"桃園市桃園區慈德街91號","25.007795","121.299853"
"桃園市桃園區中華路31號","24.990925","121.311169"
"桃園市桃園區中華路31號","24.990925","121.311169"
"桃園市桃園區守法路31號","24.992505","121.296533"
"桃園市中壢區中壢埔頂段1561號","24.96563047","121.22513412"
"桃園市中壢區龍安六街1號","24.943942","121.244423"
"桃園市中壢區華美三路301號","24.947104","121.259588"
"桃園市中壢區華美三路301號","24.947104","121.259588"
"桃園市中壢區華美三路331號","24.94653342","121.25895263"
"桃園市中壢區華美三路331號","24.94653342","121.25895263"
"桃園市中壢區華美三路331號","24.94653342","121.25895263"
"桃園市中壢區華美三路301號","24.947104","121.259588"
"桃園市中壢區華美三路301號","24.947104","121.259588"
"桃園市中壢區華美三路331號","24.94653342","121.25895263"
"桃園市中壢區華美三路301號","24.947104","121.259588"
"桃園市中壢區華美三路301號","24.947104","121.259588"
"桃園市中壢區華美三路301號","24.947104","121.259588"
"桃園市中壢區華美三路331號","24.94653342","121.25895263"
"桃園市中壢區華美三路331號","24.94653342","121.25895263"
"桃園市中壢區華美三路331號","24.94653342","121.25895263"
"桃園市中壢區華美三路331號","24.94653342","121.25895263"
"桃園市中壢區華美三路331號","24.94653342","121.25895263"
"桃園市中壢區華美三路331號","24.94653342","121.25895263"
"桃園市中壢區華美三路301號","24.947104","121.259588"
"桃園市中壢區華美三路301號","24.947104","121.259588"
"桃園市中壢區華美三路301號","24.947104","121.259588"
"桃園市中壢區華美三路301號","24.947104","121.259588"
"桃園市中壢區華美三路331號","24.94653342","121.25895263"
"桃園市中壢區華美三路301號","24.947104","121.259588"
"桃園市中壢區華美三路301號","24.947104","121.259588"
"桃園市中壢區華美三路301號","24.947104","121.259588"
"桃園市中壢區華美三路331號","24.94653342","121.25895263"
"桃園市中壢區華美三路301號","24.947104","121.259588"
"桃園市中壢區華美三路301號","24.947104","121.259588"
"桃園市中壢區華美三路301號","24.947104","121.259588"
"桃園市中壢區華美三路331號","24.94653342","121.25895263"
"桃園市中壢區三座屋段舊社小段31號","24.96563047","121.22513412"
"桃園市中壢區華美三路331號","24.94653342","121.25895263"
"桃園市中壢區華美三路301號","24.947104","121.259588"
"桃園市中壢區華美三路331號","24.94653342","121.25895263"
"桃園市中壢區華美三路331號","24.94653342","121.25895263"
"桃園市中壢區領航南路三段91號","25.008631","121.217929"
"桃園市觀音區甘泉段451號","25.03653798","121.08201878"
"桃園市中壢區華美三路301號","24.947104","121.259588"
"桃園市觀音區吉祥街81巷31號","25.048892","121.11968"
"桃園市觀音區吉祥街81巷31號","25.048892","121.11968"
"桃園市中壢區華美三路301號","24.947104","121.259588"
"桃園市中壢區忠福段1951號","24.96563047","121.22513412"
"桃園市中壢區自強六路61號","24.974491","121.248525"
"桃園市中壢區興仁路三段78巷1號","24.954297","121.264019"
"桃園市觀音區新生路1381號","25.047139","121.142482"
"桃園市中壢區青埔二街151號","25.008133","121.220967"
"桃園市中壢區春德路271號","25.01397142","121.21122463"
"桃園市中壢區青峰路一段31號","25.014495","121.218211"
"桃園市中壢區青峰路一段31號","25.014495","121.218211"
"桃園市中壢區普義路151號","24.960532","121.231652"
"桃園市觀音區埔頂段1021號","25.03653798","121.08201878"
"桃園市中壢區新生路三段871號","24.993511","121.220987"
"桃園市中壢區崁頂路1401巷31號","24.95313","121.265755"
"桃園市中壢區正光二街61號","24.958916","121.205578"
"桃園市中壢區廣青段91號","24.96563047","121.22513412"
"桃園市中壢區山下段1351號","24.96563047","121.22513412"
"桃園市龍潭區聖亭段151號","24.86394012","121.21629828"
"桃園市大溪區文化路121巷31號","24.88000742","121.29322463"
"桃園市大溪區仁善街181號","24.909483","121.28276"
"桃園市龍潭區東龍路341巷1號","24.86763142","121.21337363"
"桃園市大溪區介壽路844巷1號","24.900874","121.283495"
"桃園市大溪區一德段121號","24.88063316","121.28702893"
"桃園市龍潭區中豐路461巷121號","24.88280742","121.20849263"
"桃園市楊梅區民族路五段147巷31號","24.955614","121.173622"
"桃園市楊梅區中山北路二段271號","24.910535","121.173743"
"桃園市楊梅區民豐段151號","24.90767527","121.14575321"
"桃園市楊梅區民豐段151號","24.90767527","121.14575321"
"桃園市楊梅區民豐段151號","24.90767527","121.14575321"
"桃園市新屋區石磊子段石磊子小段1711號","24.97248034","121.10548076"
"桃園市楊梅區楊湖路三段442巷151號","24.916007","121.088496"
"桃園市新屋區社子段1號","24.97248034","121.10548076"
"桃園市新屋區清華段1171號","24.97248034","121.10548076"
"桃園市楊梅區永福段1531號","24.90767527","121.14575321"
"桃園市新屋區快速路七段1231號","24.990947","121.116015"
"桃園市楊梅區楊湖路一段773巷70弄1號","24.909338","121.124641"
"桃園市楊梅區頭重溪段151號","24.90767527","121.14575321"
"桃園市楊梅區青山五街1號","24.921189","121.1715"
"桃園市楊梅區青山五街1號","24.921189","121.1715"
"桃園市楊梅區甡甡段211號","24.90767527","121.14575321"
"桃園市大園區大牛稠段倒厝子小段781號","25.06384279","121.19558068"
"桃園市大園區竹圍段竹圍小段1號","25.06384279","121.19558068"
"桃園市大園區沙崙段沙崙小段181號","25.06384279","121.19558068"
"桃園市大園區圳頭路311巷91號","25.081624","121.204282"
"桃園市大園區埔心段埔心小段571號","25.06384279","121.19558068"
"桃園市大園區青峰段31號","25.06384279","121.19558068"
"桃園市大園區埔心段三塊厝小段331號","25.06384279","121.19558068"
"桃園市蘆竹區福厚段241號","25.04693352","121.29508445"
"桃園市大園區貨運段151號","25.06384279","121.19558068"
"桃園市蘆竹區坑子口段頭前小段91號","25.04693352","121.29508445"
"桃園市大園區埔心段埔心小段1471號","25.06384279","121.19558068"
"桃園市大園區大牛稠段倒厝子小段1171號","25.06384279","121.19558068"
"桃園市大園區沙崙段沙崙小段781號","25.06384279","121.19558068"
"桃園市大園區竹圍段崁下小段61號","25.06384279","121.19558068"
"桃園市大園區埔心里4鄰廟後61號","25.053154","121.226664"
"桃園市大園區大牛稠段大牛稠小段181號","25.06384279","121.19558068"
"桃園市大園區沙崙段後厝小段1號","25.06384279","121.19558068"
"桃園市大園區圳股頭段圳股頭小段391號","25.06384279","121.19558068"
"桃園市蘆竹區坑子口段頭前小段331號","25.04693352","121.29508445"
"桃園市蘆竹區坑子口段頭前小段541號","25.04693352","121.29508445"
"桃園市大園區埔心段埔心小段1891號","25.06384279","121.19558068"
"桃園市蘆竹區長春路61號","25.051752","121.298761"
"桃園市蘆竹區吉林路121號","25.049337","121.299205"
"桃園市蘆竹區長安段841號","25.04693352","121.29508445"
"桃園市大園區大牛稠段大牛稠小段181號","25.06384279","121.19558068"
"桃園市大園區科三街31號","25.055252","121.169571"
"桃園市大園區埔心段埔心小段1771號","25.06384279","121.19558068"
"桃園市蘆竹區坑子口段頭前小段661號","25.04693352","121.29508445"
"桃園市大園區學六街1號","25.050368","121.166079"
"桃園市大園區竹圍段崁下小段91號","25.06384279","121.19558068"
"桃園市大園區竹圍段崁下小段91號","25.06384279","121.19558068"
"桃園市蘆竹區南福街151號","25.039369","121.29317"
"桃園市蘆竹區南竹段361號","25.04693352","121.29508445"
"桃園市蘆竹區大興十街1號","25.02092942","121.25467663"
"桃園市蘆竹區大興十街1號","25.02092942","121.25467663"
"桃園市蘆竹區大興十街1號","25.02092942","121.25467663"
"桃園市蘆竹區福林街145巷31號","25.015278","121.25134"
"桃園市大園區竹圍段崁腳小段121號","25.06384279","121.19558068"
"桃園市大園區大牛稠段大牛稠小段781號","25.06384279","121.19558068"
"桃園市大園區沙崙段坡堵小段61號","25.06384279","121.19558068"
"桃園市八德區介壽路二段685巷50弄61號","24.937674","121.300172"
"桃園市八德區豐德路301號","24.92476735","121.28794003"
"桃園市八德區豐德路301號","24.92476735","121.28794003"
"桃園市八德區豐德路271號","24.925071","121.289372"
"桃園市八德區豐德路271號","24.925071","121.289372"
"桃園市八德區東勇街400巷61號","24.965516","121.311537"
"桃園市八德區豐德路271號","24.925071","121.289372"
"桃園市八德區豐德路241號","24.925071","121.289372"
"桃園市八德區豐德路241號","24.925071","121.289372"
"桃園市八德區興仁路31號","24.925633","121.283729"
"桃園市八德區陸光街31號","24.961796","121.29905"
"桃園市八德區興豐段2671號","24.92893097","121.28463376"
"桃園市八德區桃德路128巷61號","24.968294","121.296634"
"桃園市平鎮區廣豐街福壽六巷1號","24.938246","121.206107"
"桃園市平鎮區高雙路1號","24.9583","121.192016"
"桃園市平鎮區平安段451號","24.94570169","121.21823451"
"桃園市平鎮區坤慶二街31號","24.94570169","121.21823451"
"桃園市平鎮區中豐路南勢二段460巷31號","24.907703","121.210527"
"桃園市龜山區華亞段361號","24.99267322","121.3377571"
"桃園市龜山區頂興路37巷30弄1號","24.991056","121.330208"
"桃園市龜山區中和路121號","24.995354","121.34023"
"桃園市龜山區文七二街1號","25.052797","121.359678"
"桃園市龜山區長峰路61號","25.002139","121.341047"
"桃園市桃園區中路段1681號","24.99387997","121.30190407"
"桃園市桃園區中路五段481號","24.99387997","121.30190407"
"桃園市桃園區永安路31號","24.995655","121.309746"
"桃園市桃園區中路三段181號","24.99387997","121.30190407"
"桃園市桃園區中華路31號","24.990925","121.311169"
"桃園市桃園區經國路208巷1號","25.017879","121.306641"
"桃園市中壢區青埔四街181號","25.007247","121.221756"
"桃園市中壢區青埔四街181號","25.007247","121.221756"
"桃園市中壢區青埔四街181號","25.007247","121.221756"
"桃園市中壢區興仁路二段648巷31號","24.957475","121.26372"
"桃園市觀音區草漯段481號","25.03653798","121.08201878"
"桃園市中壢區永能路211號","25.00642","121.202461"
"桃園市大溪區武嶺段781號","24.88063316","121.28702893"
"桃園市龍潭區百年一街16巷1弄1號","24.878205","121.211134"
"桃園市楊梅區秀才段361號","24.90767527","121.14575321"
"桃園市蘆竹區大福路211號","25.020909","121.258456"
"桃園市大園區華興段1111號","25.06384279","121.19558068"
"桃園市蘆竹區中山路151號","25.056825","121.297543"
"桃園市蘆竹區海山段331號","25.04693352","121.29508445"
"桃園市大園區貨運段61號","25.06384279","121.19558068"
"桃園市大園區埔心段埔心小段1501號","25.06384279","121.19558068"
"桃園市蘆竹區八股段601號","25.04693352","121.29508445"
"桃園市八德區大忠街31號","24.960421","121.300475"
"桃園市八德區大忠街31號","24.960421","121.300475"
"桃園市八德區長興路360巷64弄1號","24.933836","121.277237"
"桃園市八德區天祥街102巷1號","24.973445","121.301563"
"桃園市八德區仁德一路1號","24.936098","121.285366"
"桃園市平鎮區中豐路510巷61號","24.93592642","121.21469963"
"桃園市平鎮區文化街8巷1號","24.956444","121.202719"
"桃園市平鎮區興華街101巷12弄1號","24.94502","121.201716"
"桃園市龜山區民生北路一段31號","25.031449","121.303394"
"桃園市龜山區民生北路一段31號","25.03142","121.3034"
"桃園市蘆竹區錦明段841號","25.04693352","121.29508445"
"桃園市蘆竹區順利一街1號","25.085727","121.290557"
"桃園市龜山區萬壽路二段1141號","24.993447","121.333061"
"桃園市桃園區三民路二段181號","24.99974","121.310498"
"桃園市桃園區金門二街241號","24.981404","121.313402"
"桃園市桃園區國豐十街241號","24.991289","121.274779"
"桃園市桃園區民族路181號","24.993623","121.308191"
"桃園市桃園區民族路181號","24.993623","121.308191"
"桃園市桃園區民安路25巷1號","24.998831","121.300386"
"桃園市桃園區文中一路241號","24.995942","121.293638"
"桃園市桃園區三民段31號","24.99387997","121.30190407"
"桃園市桃園區保定三街89巷61號","24.99659042","121.29822263"
"桃園市桃園區樹仁三街131巷26弄31號","24.973807","121.32048"
"桃園市桃園區中華路31號","24.990925","121.311169"
"桃園市桃園區同德十一街37巷1號","25.020695","121.297688"
"桃園市桃園區會稽一街82巷1號","25.014149","121.315072"
"桃園市桃園區中正五街181號","25.005259","121.301495"
"桃園市桃園區民有東路1巷1號","25.015071","121.319341"
"桃園市桃園區敬二街1號","25.02194","121.29343"
"桃園市桃園區金門四街42﹐31號","24.982076","121.313801"
"桃園市桃園區寶慶路481號","25.017859","121.290584"
"桃園市桃園區國際段331號","24.99387997","121.30190407"
"桃園市桃園區慈文路322巷1號","25.005354","121.300039"
"桃園市桃園區長春路31號","25.000652","121.305566"
"桃園市桃園區秀山路56巷2弄1號","24.989551","121.302311"
"桃園市桃園區大有路751號","25.016439","121.316506"
"桃園市桃園區中興街1號","24.996752","121.313517"
"桃園市桃園區大連二街91號","25.00785142","121.30571463"
"桃園市桃園區興一街46巷1號","25.015531","121.314307"
"桃園市桃園區國強一街181號","24.992319","121.284061"
"桃園市桃園區保定三街89巷31號","24.99694042","121.29828163"
"桃園市中壢區後興路一段90巷31號","24.942748","121.247771"
"桃園市觀音區長春街1號","25.050313","121.117509"
"桃園市中壢區永泰路91號","25.00978642","121.20282063"
"桃園市觀音區保障段631號","25.03653798","121.08201878"
"桃園市觀音區新坡段1141號","25.03653798","121.08201878"
"桃園市中壢區九和一街1號","24.96186","121.22324"
"桃園市觀音區正大路58巷1號","25.004288","121.14838903"
"桃園市中壢區華美一路29巷1號","24.957058","121.262638"
"桃園市中壢區中北路二段208巷31號","24.952023","121.228198"
"桃園市中壢區領航南路四段1號","25.017886","121.223897"
"桃園市中壢區領航南路四段31號","25.015711","121.220949"
"桃園市中壢區領航南路三段241號","25.011509","121.22077"
"桃園市中壢區華勛街303巷1號","24.947926","121.260532"
"桃園市中壢區長樂四街31號","24.976508","121.249088"
"桃園市楊梅區大平段541號","24.90767527","121.14575321"
"桃園市楊梅區大平段541號","24.90767527","121.14575321"
"桃園市楊梅區東流段31號","24.90767527","121.14575321"
"桃園市新屋區東福路二段499巷227弄1號","24.948937","121.024046"
"桃園市新屋區民有三路511號","24.97405","121.02683"
"桃園市楊梅區中山北路一段390巷45弄31號","24.910892","121.157298"
"桃園市新屋區榔段下號","24.97248034","121.10548076"
"桃園市楊梅區草湳坡段草湳坡小段91號","24.90767527","121.14575321"
"桃園市楊梅區草湳坡段草湳坡小段91號","24.90767527","121.14575321"
"桃園市楊梅區新梅七街91號","24.915215","121.143353"
"桃園市楊梅區高榮段331號","24.90767527","121.14575321"
"桃園市楊梅區瑞溪路一段182巷1號","24.906926","121.172095"
"桃園市楊梅區文化街181號","24.912456","121.183955"
"桃園市龍潭區烏林村中央街179巷1號","24.882154","121.205564"
"桃園市大溪區南興路一段31號","24.901975","121.265083"
"桃園市龍潭區民生路141巷74弄31號","24.845364","121.22749"
"桃園市大溪區康安段301號","24.88063316","121.28702893"
"桃園市龍潭區干城路30巷31號","24.869145","121.208778"
"桃園市大溪區瑞安段61號","24.88063316","121.28702893"
"桃園市龍潭區成功段181號","24.86394012","121.21629828"
"桃園市龍潭區中豐路461巷106弄1號","24.88303742","121.20835363"
"桃園市龍潭區中興路336巷79弄1號","24.875688","121.232516"
"桃園市中壢區大仁二街1號","24.954449","121.242134"
"桃園市觀音區大潭里大潭1號","25.03653798","121.08201878"
"桃園市中壢區春德路271號","25.01397142","121.21122463"
"桃園市中壢區強國路1號","24.967302","121.260152"
"桃園市中壢區大享段331號","24.96563047","121.22513412"
"桃園市觀音區廣興段811號","25.03653798","121.08201878"
"桃園市中壢區興仁路二段1號","24.96827","121.26282"
"桃園市中壢區青埔路二段325巷1號","25.004156","121.21847"
"桃園市中壢區興福街31號","24.966926","121.22851"
"桃園市中壢區七和一街91號","24.963757","121.226389"
"桃園市中壢區七和一街91號","24.963757","121.226389"
"桃園市中壢區七和一街91號","24.963757","121.226389"
"桃園市觀音區廣大段181號","25.03653798","121.08201878"
"桃園市中壢區高鐵南路二段271號","25.002499","121.205092"
"桃園市中壢區正光二街1號","24.960716","121.204983"
"桃園市中壢區大智街1號","24.953305","121.241122"
"桃園市觀音區二聖路9巷1號","25.038964","121.143588"
"桃園市中壢區青商路271號","25.012742","121.222709"
"桃園市中壢區青埔五街61號","25.005707","121.221759"
"桃園市中壢區成章一街1號","24.97703","121.259529"
"桃園市中壢區青平段331號","24.96563047","121.22513412"
"桃園市中壢區青商路241號","25.012742","121.222709"
"桃園市中壢區三座屋段舊社小段121號","24.96563047","121.22513412"
"桃園市中壢區石頭段1號","24.96563047","121.22513412"
"桃園市中壢區中園路31號","24.965212","121.236174"
"桃園市中壢區普義段751號","24.96563047","121.22513412"
"桃園市中壢區元化路331號","24.962428","121.224222"
"桃園市中壢區華仁一街19巷1號","24.945057","121.260724"
"桃園市中壢區中園路1號","24.96466","121.236277"
"桃園市觀音區十全路1號","25.039158","121.139654"
"桃園市觀音區忠富路富源段142巷1號","24.97725","121.141539"
"桃園市龜山區文化五路211號","25.05245","121.364817"
"桃園市龜山區華美街121號","24.997545","121.354932"
"桃園市龜山區南祥路91號","25.047749","121.299792"
"桃園市龜山區頂湖段991號","24.99267322","121.3377571"
"桃園市桃園區中華路61號","24.990723","121.310448"
"桃園市桃園區春日路631號","24.991921","121.317452"
"桃園市桃園區中路五段541號","24.99387997","121.30190407"
"桃園市桃園區春日路1471號","25.02182","121.30735"
"桃園市桃園區民富十三街1號","25.012494","121.320319"
"桃園市桃園區中正路1386巷1號","25.022597","121.295959"
"桃園市桃園區興一街91號","25.014813","121.315588"
"桃園市桃園區同安街183巷1弄1號","25.014797","121.303548"
"桃園市桃園區朝陽街一段91號","24.99456","121.313811"
"桃園市大溪區慈康路155巷1號","24.869865","121.28997"
"桃園市大溪區東隆段2041號","24.88063316","121.28702893"
"桃園市大溪區瑞安段61號","24.88063316","121.28702893"
"桃園市桃園區桃二街61號","24.995913","121.31817"
"桃園市中壢區興南段公坡小段601號","24.96563047","121.22513412"
"桃園市觀音區茄苳坑段對面厝小段1171號","25.03653798","121.08201878"
"桃園市觀音區新生路1531號","25.042532","121.14345"
"桃園市觀音區廣興段1141號","25.03653798","121.08201878"
"桃園市中壢區福嶺路95巷66弄1號","24.966795","121.173171"
"桃園市觀音區草漯段481號","25.03653798","121.08201878"
"桃園市中壢區聖德路二段361號","25.025242","121.194776"
"桃園市中壢區興南段中壢老小段211號","24.96563047","121.22513412"
"桃園市觀音區中山路一段739巷31號","25.03231342","121.09976663"
"桃園市龜山區光明街248巷65弄1號","25.012901","121.34288"
"桃園市龜山區樂宮街1號","24.993387","121.335226"
"桃園市龜山區長壽路269巷1號","24.999188","121.339477"
"桃園市龜山區光路千禧新城1號","24.99267322","121.3377571"
"桃園市龜山區體大段31號","24.99267322","121.3377571"
"桃園市龜山區長壽路211號","24.999928","121.340288"
"桃園市平鎮區中豐路南勢二段90巷1號","24.917747","121.210582"
"桃園市平鎮區南平路121號","24.919319","121.207981"
"桃園市平鎮區關爺北路36巷1號","24.931454","121.218039"
"桃園市平鎮區延平路三段104巷3弄1號","24.940538","121.203571"
"桃園市平鎮區關爺西路31號","24.930984","121.217818"
"桃園市平鎮區金陵路三段150巷151號","24.925416","121.223386"
"桃園市平鎮區新北段1501號","24.94570169","121.21823451"
"桃園市平鎮區北興段871號","24.94570169","121.21823451"
"桃園市平鎮區正義路41巷1號","24.929941","121.221176"
"桃園市平鎮區平東路666巷1號","24.912895","121.239926"
"桃園市平鎮區德育路二段121號","24.94251342","121.21937463"
"桃園市八德區仁德路61號","24.934894","121.287607"
"桃園市八德區介壽路二段685巷50弄38衖1號","24.938048","121.299103"
"桃園市八德區忠勇街331號","24.965399","121.303338"
"桃園市八德區忠勇七街1號","24.92893097","121.28463376"
"桃園市八德區永豐段931號","24.92893097","121.28463376"
"桃園市八德區開隆街1號","24.973708","121.274219"
"桃園市八德區豐德路241號","24.925071","121.289372"
"桃園市八德區豐德路241號","24.925071","121.289372"
"桃園市八德區和平路991巷58弄61號","24.964659","121.320187"
"桃園市八德區忠勇五街1號","24.967402","121.304681"
"桃園市八德區大和路91號","24.95409","121.2961"
"桃園市八德區豐德路241號","24.925071","121.289372"
"桃園市八德區豐德路241號","24.925071","121.289372"
"桃園市八德區豐德路241號","24.925071","121.289372"
"桃園市八德區中正一路121號","24.930138","121.283159"
"桃園市八德區中正一路121號","24.930138","121.283159"
"桃園市大園區福德路91號","25.07449","121.256805"
"桃園市蘆竹區南福街61號","25.042033","121.292243"
"桃園市大園區和平段931號","25.06384279","121.19558068"
"桃園市大園區竹圍段海方厝小段331號","25.06384279","121.19558068"
"桃園市大園區沙崙段埔頂小段61號","25.06384279","121.19558068"
"桃園市大園區客運一段361號","25.06384279","121.19558068"
"桃園市大園區沙崙段後厝小段31號","25.06384279","121.19558068"
"桃園市蘆竹區光明路二段31號","25.04558242","121.28763963"
"桃園市蘆竹區光明路二段31號","25.04558242","121.28763963"
"桃園市蘆竹區光明路二段31號","25.04558242","121.28763963"
"桃園市蘆竹區蘆興段751號","25.04693352","121.29508445"
"桃園市大園區文興街91號","25.053659","121.17801"
"桃園市蘆竹區南山路一段61號","25.051903","121.291336"
"桃園市大園區埔心段埔心小段511號","25.06384279","121.19558068"
"桃園市大園區竹圍段崁下小段31號","25.06384279","121.19558068"
"桃園市大園區埔心段三塊厝小段631號","25.06384279","121.19558068"
"桃園市大園區大牛稠段倒厝子小段811號","25.06384279","121.19558068"
"桃園市蘆竹區上興路1號","25.020647","121.266544"
"桃園市大園區橫山段尖山小段61號","25.06384279","121.19558068"
"桃園市蘆竹區坑子口段頭前小段121號","25.04693352","121.29508445"
"桃園市蘆竹區五福一路91號","25.055949","121.294922"
"桃園市蘆竹區南華段91號","25.04693352","121.29508445"
"桃園市大園區竹圍段海方厝小段361號","25.06384279","121.19558068"
"桃園市大園區沙崙段坡堵小段541號","25.06384279","121.19558068"
"桃園市大園區竹圍段田寮小段721號","25.06384279","121.19558068"
"桃園市大園區沙崙段沙崙小段2101號","25.06384279","121.19558068"
"桃園市大園區圳股頭段圳股頭小段361號","25.06384279","121.19558068"
"桃園市大園區竹圍段三塊石小段271號","25.06384279","121.19558068"
"桃園市大園區竹圍段崁下小段1號","25.06384279","121.19558068"
"桃園市大園區竹圍段三塊石小段1141號","25.06384279","121.19558068"
"桃園市蘆竹區坑子口段頭前小段601號","25.04693352","121.29508445"
"桃園市大園區大牛稠段倒厝子小段1261號","25.06384279","121.19558068"
"桃園市蘆竹區南順一街2巷1號","25.039845","121.285921"
"桃園市大園區五塊厝段下埔小段931號","25.06384279","121.19558068"
"桃園市大園區內海墘段特工區小段31號","25.06384279","121.19558068"
"桃園市大園區民權路3巷31號","25.07878142","121.18402063"
"桃園市大園區埔心段海豐坡小段271號","25.06384279","121.19558068"
"桃園市大園區大牛稠段大牛稠小段211號","25.06384279","121.19558068"
"桃園市蘆竹區奉化路151號","25.039088","121.28993"
"桃園市大園區橫山段湳子小段121號","25.06384279","121.19558068"
"桃園市大園區埔心段埔心小段931號","25.06384279","121.19558068"
"桃園市蘆竹區八股段421號","25.04693352","121.29508445"
"桃園市大園區埔心段海豐坡小段391號","25.06384279","121.19558068"
"桃園市大園區圳股頭段圳股頭小段451號","25.06384279","121.19558068"
"桃園市大園區大牛稠段大牛稠小段691號","25.06384279","121.19558068"
"桃園市大園區大牛稠段倒厝子小段1171號","25.06384279","121.19558068"
"桃園市大園區竹圍段崁下小段31號","25.06384279","121.19558068"
"桃園市大園區竹圍段崁腳小段1號","25.06384279","121.19558068"
"桃園市蘆竹區蘆興段811號","25.04693352","121.29508445"
"桃園市大園區園航路391號","25.05725","121.175634"
"桃園市大園區大牛稠段倒厝子小段361號","25.06384279","121.19558068"
"桃園市大園區埔心段海豐坡小段1051號","25.06384279","121.19558068"
"桃園市大園區大觀路1156巷8弄31號","25.056042","121.158198"
"桃園市大園區大觀路1156巷8弄31號","25.056042","121.158198"
"桃園市大園區竹圍段三塊石小段1381號","25.06384279","121.19558068"
"桃園市大園區竹圍段三塊石小段1381號","25.06384279","121.19558068"
"桃園市大園區竹圍段三塊石小段1381號","25.06384279","121.19558068"
"桃園市大園區竹圍段三塊石小段1411號","25.06384279","121.19558068"
"桃園市大園區竹圍段三塊石小段1411號","25.06384279","121.19558068"
"桃園市大園區竹圍段三塊石小段1411號","25.06384279","121.19558068"
"桃園市大園區竹圍段三塊石小段1411號","25.06384279","121.19558068"
"桃園市蘆竹區南竹路一段121號","25.045641","121.289058"
"桃園市大園區橫山段湳子小段151號","25.06384279","121.19558068"
"桃園市大園區竹圍段拔子林小段91號","25.06384279","121.19558068"
"桃園市蘆竹區南崁廟口段營盤坑小段61號","25.04693352","121.29508445"
"桃園市大園區中山北路158巷1號","25.067871","121.196233"
"桃園市楊梅區東流段211號","24.90767527","121.14575321"
"桃園市楊梅區啟明段961號","24.90767527","121.14575321"
"桃園市楊梅區啟明段961號","24.90767527","121.14575321"
"桃園市楊梅區梅獅路二段181號","24.906993","121.177235"
"桃園市大園區竹圍段三塊石小段1381號","25.06384279","121.19558068"
"桃園市大園區沙崙段沙崙小段2101號","25.06384279","121.19558068"
"桃園市八德區龍友段1號","24.92893097","121.28463376"
"桃園市八德區廣豐路121號","24.967393","121.298492"
"桃園市八德區仁德二路1號","24.935564","121.286651"
"桃園市龜山區文東五街57巷1號","25.050324","121.362218"
"桃園市龜山區文德二路91號","25.056709","121.380866"
"桃園市平鎮區自強街88巷1號","24.904229","121.214601"
"桃園市平鎮區環南路391號","24.948156","121.206806"
"桃園市平鎮區廣北段91號","24.94570169","121.21823451"
"桃園市大園區埔心段埔心小段1561號","25.06384279","121.19558068"
"桃園市大園區圳股頭段圳股頭小段271號","25.06384279","121.19558068"
"桃園市大園區沙崙段沙崙小段1201號","25.06384279","121.19558068"
"桃園市平鎮區中正三路121號","24.928565","121.254226"
"桃園市八德區天祥街1號","24.976588","121.302144"
"桃園市八德區廣豐路61號","24.966532","121.296669"
"桃園市大園區竹圍段三塊石小段121號","25.06384279","121.19558068"
"桃園市大園區竹圍段三塊石小段181號","25.06384279","121.19558068"
"桃園市蘆竹區大興路331號","25.015607","121.258857"
"桃園市大園區埔心段埔心小段1471號","25.06384279","121.19558068"
"桃園市蘆竹區坑子口段後壁厝小段421號","25.04693352","121.29508445"
"桃園市大園區聖德北路1076巷1號","25.027271","121.194837"
"桃園市大園區竹圍段崁下小段91號","25.06384279","121.19558068"
"桃園市大園區大牛稠段倒厝子小段781號","25.06384279","121.19558068"
"桃園市大園區橫山段湳子小段181號","25.06384279","121.19558068"
"桃園市大園區南港段1號","25.06384279","121.19558068"
"桃園市大園區埔心段埔心小段1621號","25.06384279","121.19558068"
"桃園市大園區竹圍段三塊石小段91號","25.06384279","121.19558068"
"桃園市大園區竹圍段三塊石小段91號","25.06384279","121.19558068"
"桃園市大園區竹圍段三塊石小段91號","25.06384279","121.19558068"
"桃園市大園區大牛稠段倒厝子小段811號","25.06384279","121.19558068"
"桃園市大園區大牛稠段倒厝子小段1231號","25.06384279","121.19558068"
"桃園市大園區沙崙段沙崙小段31號","25.06384279","121.19558068"
"桃園市蘆竹區坑子口段頭前小段751號","25.04693352","121.29508445"
"桃園市大園區橫山段橫山小段211號","25.06384279","121.19558068"
"桃園市大園區竹圍段田寮小段721號","25.06384279","121.19558068"
"桃園市大園區華興段901號","25.06384279","121.19558068"
"桃園市蘆竹區南竹段301號","25.04693352","121.29508445"
"桃園市大園區竹圍段拔子林小段91號","25.06384279","121.19558068"
"桃園市大園區竹圍段三塊石小段481號","25.06384279","121.19558068"
"桃園市大園區竹圍段田寮小段391號","25.06384279","121.19558068"
"桃園市大園區大牛稠段大牛稠小段61號","25.06384279","121.19558068"
"桃園市大園區沙崙段沙崙小段271號","25.06384279","121.19558068"
"桃園市大園區竹圍段崁下小段211號","25.06384279","121.19558068"
"桃園市大園區竹圍段崁下小段211號","25.06384279","121.19558068"
"桃園市大園區埔心段埔心小段1621號","25.06384279","121.19558068"
"桃園市蘆竹區奉化路121號","25.039808","121.288417"
"桃園市大園區埔心段埔心小段1621號","25.06384279","121.19558068"
"桃園市大園區後厝里13鄰埔頂1號","25.06384279","121.19558068"
"桃園市大園區港口段1111號","25.06384279","121.19558068"
"桃園市大園區埔心村15鄰海豐坡1號","25.055143","121.223711"
"桃園市大園區沙崙段沙崙小段31號","25.06384279","121.19558068"
"桃園市大園區沙崙段沙崙小段2281號","25.06384279","121.19558068"
"桃園市大園區舊厝段1531號","25.06384279","121.19558068"
"桃園市大園區竹圍段崁下小段91號","25.06384279","121.19558068"
"桃園市大園區竹圍段拔子林小段91號","25.06384279","121.19558068"
"桃園市大園區沙崙段坡堵小段181號","25.06384279","121.19558068"
"桃園市蘆竹區蘆興段391號","25.04693352","121.29508445"
"桃園市大園區埔心段海豐坡小段1081號","25.06384279","121.19558068"
"桃園市大園區貨運段151號","25.06384279","121.19558068"
"桃園市大園區沙崙段沙崙小段1561號","25.06384279","121.19558068"
"桃園市大園區大牛稠段倒厝子小段571號","25.06384279","121.19558068"
"桃園市大園區沙崙段沙崙小段271號","25.06384279","121.19558068"
"桃園市大園區圳股頭段圳股頭小段511號","25.06384279","121.19558068"
"桃園市大園區沙崙段坡堵小段391號","25.06384279","121.19558068"
"桃園市八德區介壽路二段428巷1號","24.946259","121.296871"
"桃園市八德區建德路1巷70弄47衖1號","24.924358","121.279459"
"桃園市八德區福僑街1號","24.959289","121.295544"
"桃園市八德區同福段481號","24.92893097","121.28463376"
"桃園市八德區建德路1號","24.930989","121.280963"
"桃園市八德區建德路1號","24.930989","121.280963"
"桃園市八德區建德路1號","24.930989","121.280963"
"桃園市八德區建德路61號","24.930989","121.280963"
"桃園市平鎮區六和段1201號","24.94570169","121.21823451"
"桃園市八德區豐田一路31號","24.9262057","121.2890575"
"桃園市平鎮區環南路二段241號","24.940915","121.213899"
"桃園市平鎮區延平路二段301號","24.95086","121.213579"
"桃園市平鎮區平德路91號","24.927332","121.196045"
"桃園市八德區永福街一段85巷1號","24.961085","121.30475"
"桃園市平鎮區中央路369巷1號","24.967509","121.18281"
"桃園市龜山區明德路301號","24.990263","121.343369"
"桃園市龜山區光路千禧新城1號","24.99267322","121.3377571"
"桃園市平鎮區金龍路190巷39弄91號","24.896547","121.230992"
"桃園市龜山區中興段841號","24.99267322","121.3377571"
"桃園市平鎮區六和段1201號","24.94570169","121.21823451"
"桃園市觀音區中山路一段739巷1號","25.03211642","121.09995163"
"桃園市觀音區中山路一段739巷1號","25.03211642","121.09995163"
"桃園市中壢區中央西路二段164巷14弄1號","24.959231","121.213153"
"桃園市觀音區中山路一段739巷1號","25.03211642","121.09995163"
"桃園市中壢區龍岡路二段321巷39弄8衖61號","24.941994","121.233193"
"桃園市中壢區執信一街151號","24.945301","121.22772"
"桃園市觀音區坡興段271號","25.03653798","121.08201878"
"桃園市觀音區草漯段481號","25.03653798","121.08201878"
"桃園市中壢區中豐路249巷1號","24.959284","121.219914"
"桃園市中壢區中豐路249巷1號","24.959284","121.219914"
"桃園市龍潭區中原段571號","24.86394012","121.21629828"
"桃園市大溪區永昌段751號","24.88063316","121.28702893"
"桃園市龍潭區民有段331號","24.86394012","121.21629828"
"桃園市大溪區埔頂路二段470巷31號","24.91822442","121.28231863"
"桃園市大溪區東隆段1531號","24.88063316","121.28702893"
"桃園市桃園區博愛路61號","24.995437","121.311042"
"桃園市桃園區國強六街1號","24.987885","121.279576"
"桃園市桃園區榮華街49巷1號","24.975493","121.321917"
"桃園市桃園區德華街61號","24.992657","121.286013"
"桃園市桃園區中路五段541號","24.99387997","121.30190407"
"桃園市龜山區文昌一街28巷1號","25.057249","121.367928"
"桃園市龜山區精忠段181號","24.99267322","121.3377571"
"桃園市中壢區龍陵路1號","24.93351","121.231408"
"桃園市中壢區元化路89巷1號","24.958324","121.228413"
"桃園市中壢區忠孝路301號","24.979485","121.25407"
"桃園市中壢區環西路二段271號","24.965324","121.213146"
"桃園市中壢區後興路一段90巷1號","24.942109","121.247502"
"桃園市中壢區興仁路二段463巷1號","24.961283","121.264388"
"桃園市中壢區延平路331號","24.960375","121.225821"
"桃園市中壢區長樂街33巷1號","24.978023","121.249845"
"桃園市中壢區青埔四街31號","25.003875","121.219812"
"桃園市中壢區永順街1號","25.01109","121.202854"
"桃園市中壢區慈惠三街1號","24.961101","121.222986"
"桃園市中壢區青埔四街31號","25.003875","121.219812"
"桃園市中壢區青埔四街1號","25.003875","121.219812"
"桃園市觀音區忠富路富源段361號","24.97267","121.139485"
"桃園市觀音區忠富路富源段361號","24.97267","121.139485"
"桃園市中壢區青埔四街31號","25.003875","121.219812"
"桃園市中壢區中華路一段743巷52弄31號","24.968274","121.248824"
"桃園市中壢區普義路151號","24.960532","121.231652"
"桃園市中壢區治平街31號","24.954958","121.237683"
"桃園市中壢區興仁路二段91號","24.966685","121.263044"
"桃園市中壢區三光路121號","24.96134","121.21065"
"桃園市中壢區龍川街1號","24.934605","121.249196"
"桃園市中壢區高鐵南路二段331號","25.006214","121.207634"
"桃園市龍潭區上林段751號","24.86394012","121.21629828"
"桃園市大溪區松樹段331號","24.88063316","121.28702893"
"桃園市龍潭區中豐路461巷106弄61號","24.883774","121.20932"
"桃園市大溪區烏塗段1291號","24.88063316","121.28702893"
"桃園市大溪區三元一街19巷6弄1號","24.88471","121.269398"
"桃園市大溪區田心子段下田心子小段1261號","24.88063316","121.28702893"
"桃園市龍潭區民治七街91號","24.821117","121.238912"
"桃園市大溪區文化路151號","24.87817642","121.29081763"
"桃園市龍潭區新龍路211號","24.858035","121.213567"
"桃園市大溪區大鶯路1651號","24.924415","121.309687"
"桃園市楊梅區梅獅路二段179巷1號","24.906747","121.177086"
"桃園市新屋區笨子港段榕樹下小段121號","24.97248034","121.10548076"
"桃園市新屋區大牛欄段大牛欄小段871號","24.97248034","121.10548076"
"桃園市新屋區十五間段十五間小段211號","24.97248034","121.10548076"
"桃園市楊梅區環東路451號","24.910017","121.156804"
"桃園市新屋區高洲一街31號","24.961341","121.160435"
"桃園市新屋區高洲一街1號","24.960986","121.160206"
"桃園市新屋區民有三路666巷15弄1號","24.966198","121.031761"
"桃園市楊梅區楊湖路三段322巷1號","24.91295442","121.09242963"
"桃園市新屋區十五間段十五間小段481號","24.97248034","121.10548076"
"桃園市楊梅區中山北路一段390巷45弄31號","24.910892","121.157298"
"桃園市中壢區福州一街241號","24.967347","121.232892"
"桃園市中壢區高鐵南路二段331號","25.006214","121.207634"
"桃園市中壢區強國路31號","24.96750242","121.25912963"
"桃園市中壢區強國路31號","24.96750242","121.25912963"
"桃園市中壢區強國路31號","24.96750242","121.25912963"
"桃園市中壢區強國路31號","24.96750242","121.25912963"
"桃園市中壢區強國路31號","24.96750242","121.25912963"
"桃園市中壢區強國路31號","24.96750242","121.25912963"
"桃園市中壢區春德路271號","25.01397142","121.21122463"
"桃園市中壢區東芝路一段121號","24.985586","121.211005"
"桃園市中壢區龍岡路三段124巷15弄1號","24.936427","121.232518"
"桃園市中壢區青埔四街1號","25.003875","121.219812"
"桃園市中壢區溪洲三街61號","24.960638","121.230478"
"桃園市中壢區青埔四街31號","25.003875","121.219812"
"桃園市中壢區青埔四街31號","25.003875","121.219812"
"桃園市中壢區領航南路三段241號","25.011509","121.22077"
"桃園市中壢區龍慈路811號","24.932923","121.237079"
"桃園市中壢區領航南路三段241號","25.011509","121.22077"
"桃園市中壢區領航南路三段241號","25.011509","121.22077"
"桃園市中壢區領航南路三段241號","25.011509","121.22077"
"桃園市中壢區領航南路三段241號","25.011509","121.22077"
"桃園市中壢區高鐵南路二段331號","25.006214","121.207634"
"桃園市中壢區高鐵南路二段331號","25.006214","121.207634"
"桃園市中壢區高鐵南路二段331號","25.006214","121.207634"
"桃園市中壢區高鐵南路二段331號","25.006214","121.207634"
"桃園市中壢區高鐵南路二段331號","25.006214","121.207634"
"桃園市中壢區高鐵南路二段331號","25.006214","121.207634"
"桃園市中壢區高鐵南路二段331號","25.006214","121.207634"
"桃園市中壢區高鐵南路二段331號","25.006214","121.207634"
"桃園市中壢區榮安一街393巷1號","24.964549","121.256192"
"桃園市中壢區九和一街1號","24.96186","121.22324"
"桃園市桃園區三民路二段181號","24.99974","121.310498"
"桃園市桃園區春日路1111號","25.013338","121.309273"
"桃園市桃園區慈文路468巷1號","25.003105","121.296437"
"桃園市桃園區三民路二段181號","24.99974","121.310498"
"桃園市桃園區吉安街181號","25.00308942","121.28959163"
"桃園市桃園區吉安街151號","25.004038","121.290745"
"桃園市桃園區力行路385巷1號","24.998408","121.297403"
"桃園市桃園區龍城三街31號","24.980211","121.27054"
"桃園市桃園區力行路385巷1號","24.998408","121.297403"
"桃園市桃園區力行路385巷31號","24.997591","121.297398"
"桃園市桃園區福元街88巷1號","25.005038","121.319702"
"桃園市桃園區龍泉二街31號","24.980495","121.270292"
"桃園市桃園區大興西路二段1號","25.012014","121.299958"
"桃園市桃園區昆明路1號","24.983849","121.318318"
"桃園市桃園區大業路一段301號","25.009617","121.314032"
"桃園市桃園區民有東路1巷1號","25.015071","121.319341"
"桃園市桃園區春日路1141號","25.01403","121.309052"
"桃園市桃園區春日路1621號","25.025372","121.306087"
"桃園市桃園區春日路1591號","25.02445917","121.30638383"
"桃園市桃園區水岸二街61號","25.02746","121.300881"
"桃園市桃園區幸福路151號","25.029442","121.304613"
"桃園市桃園區幸福路181號","25.02763842","121.29907963"
"桃園市桃園區幸福路181號","25.02763842","121.29907963"
"桃園市桃園區春日路1591號","25.02445917","121.30638383"
"桃園市桃園區春日路1591號","25.02445917","121.30638383"
"桃園市桃園區藝文一街61號","25.014776","121.300609"
"桃園市桃園區春日路1621號","25.025372","121.306087"
"桃園市桃園區春日路1591號","25.02445917","121.30638383"
"桃園市桃園區新埔七街121號","25.020826","121.300805"
"桃園市桃園區慈文路691號","25.012629","121.309679"
"桃園市桃園區大有路211號","25.009306","121.319551"
"桃園市桃園區敬三街191巷1號","25.021796","121.289752"
"桃園市桃園區經國一路91號","25.028241","121.299443"
"桃園市桃園區吉安街151號","25.004015","121.290656"
"桃園市桃園區天祥三街31號","25.016676","121.305573"
"桃園市桃園區桃鶯路249巷31號","24.984169","121.319425"
"桃園市桃園區三民段1號","24.99387997","121.30190407"
"桃園市桃園區慈文路468巷1號","25.003105","121.296437"
"桃園市桃園區吉安一街181號","25.006499","121.291001"
"桃園市桃園區春日路1259巷1號","25.016986","121.308526"
"桃園市桃園區民安路61號","24.997813","121.300039"
"桃園市桃園區莊二街181號","25.025133","121.29709"
"桃園市桃園區守法路40巷1號","24.992608","121.296933"
"桃園市桃園區經國路61號","25.026542","121.301017"
"桃園市桃園區永安路241號","24.998555","121.303122"
"桃園市桃園區幸福路271號","25.029442","121.304613"
"桃園市桃園區幸福路271號","25.029442","121.304613"
"桃園市中壢區高鐵南路二段331號","25.006214","121.207634"
"桃園市中壢區高鐵南路二段331號","25.006214","121.207634"
"桃園市中壢區高鐵南路二段331號","25.006214","121.207634"
"桃園市中壢區高鐵南路二段331號","25.006214","121.207634"
"桃園市中壢區高鐵南路二段331號","25.006214","121.207634"
"桃園市中壢區領航北路二段61號","25.008151","121.202004"
"桃園市觀音區草福段361號","25.03653798","121.08201878"
"桃園市中壢區領航南路三段241號","25.011509","121.22077"
"桃園市中壢區青埔四街151號","25.007109","121.221291"
"桃園市中壢區青埔四街151號","25.007109","121.221291"
"桃園市中壢區山錦路91號","24.995114","121.179757"
"桃園市中壢區三和一街1號","24.954257","121.240793"
"桃園市中壢區力行北街1號","24.953371","121.240344"
"桃園市中壢區大勇三街1號","24.952533","121.238319"
"桃園市觀音區三座屋段新興小段661號","25.03653798","121.08201878"
"桃園市楊梅區青山一街65巷15弄31號","24.922008","121.177005"
"桃園市新屋區富九段1291號","24.97248034","121.10548076"
"桃園市新屋區石牌嶺段991號","24.97248034","121.10548076"
"桃園市楊梅區梅獅路二段166巷1號","24.906395","121.176661"
"桃園市楊梅區金山街361號","24.912109","121.161807"
"桃園市大溪區中庄段中庄小段391號","24.88063316","121.28702893"
"桃園市大溪區瑞興段2521號","24.88063316","121.28702893"
"桃園市大溪區中央路31號","24.879164","121.287662"
"桃園市龍潭區竹龍段301號","24.86394012","121.21629828"
"桃園市龍潭區竹龍段301號","24.86394012","121.21629828"
"桃園市龍潭區中豐路461巷106弄61號","24.883774","121.20932"
"桃園市龍潭區中豐路461巷106弄61號","24.883774","121.20932"
"桃園市龍潭區中豐路461巷106弄61號","24.883774","121.20932"
"桃園市龍潭區中豐路461巷106弄61號","24.883774","121.20932"
"桃園市大溪區仁和三街31號","24.895444","121.276144"
"桃園市龍潭區大同路57巷1號","24.858305","121.219604"
"桃園市龍潭區永和路31號","24.827174","121.243176"
"桃園市龍潭區聖亭路121巷121號","24.865169","121.205856"
"桃園市中壢區龍明街31號","24.948291","121.223716"
"桃園市中壢區中北路二段151號","24.95223","121.226832"
"桃園市中壢區領航南路四段91號","25.01691942","121.22209863"
"桃園市中壢區領航南路四段91號","25.01691942","121.22209863"
"桃園市中壢區領航南路四段91號","25.01691942","121.22209863"
"桃園市中壢區領航南路四段91號","25.01691942","121.22209863"
"桃園市中壢區中華路一段743巷12弄31號","24.967026","121.247725"
"桃園市中壢區領航南路四段91號","25.01691942","121.22209863"
"桃園市中壢區中園路31號","24.965212","121.236174"
"桃園市中壢區高鐵南路二段331號","25.006214","121.207634"
"桃園市中壢區高鐵南路二段331號","25.006214","121.207634"
"桃園市中壢區高鐵南路二段331號","25.006214","121.207634"
"桃園市中壢區高鐵南路二段361號","25.001208","121.203454"
"桃園市中壢區青峰路一段31號","25.014495","121.218211"
"桃園市中壢區新中北路二段301號","24.956317","121.263016"
"桃園市中壢區福州一街241號","24.967347","121.232892"
"桃園市中壢區仁德街63巷6弄1號","24.943391","121.251989"
"桃園市中壢區領航北路一段301號","25.005111","121.201286"
"桃園市中壢區新中北路二段170巷31號","24.954746","121.26347"
"桃園市中壢區晉元路337巷25弄1號","24.952761","121.265344"
"桃園市中壢區大仁二街1號","24.954449","121.242134"
"桃園市中壢區實踐路211號","24.957047","121.239022"
"桃園市中壢區青商路271號","25.012742","121.222709"
"桃園市中壢區永園路391號","25.004955","121.199675"
"桃園市觀音區福興街151號","25.044386","121.138166"
"桃園市中壢區榮民路181號","24.966235","121.261072"
"桃園市觀音區育仁段1231號","25.03653798","121.08201878"
"桃園市中壢區青埔四街151號","25.007109","121.221291"
"桃園市中壢區領航南路四段91號","25.01691942","121.22209863"
"桃園市中壢區領航南路四段91號","25.01691942","121.22209863"
"桃園市中壢區大華路312巷60弄1號","24.984441","121.257679"
"桃園市龜山區光路千禧新城31號","24.99267322","121.3377571"
"桃園市龜山區萬壽路二段571號","25.000299","121.347749"
"桃園市龜山區文青路331號","25.039821","121.390074"
"桃園市龜山區長慶二街61號","24.99267322","121.3377571"
"桃園市龜山區長慶二街91號","25.05514142","121.38399863"
"桃園市桃園區桃園段長美小段31號","24.99387997","121.30190407"
"桃園市桃園區蓮埔街61號","25.006065","121.297311"
"桃園市桃園區中山路1216巷91號","24.984725","121.277934"
"桃園市桃園區介壽路419巷31號","24.978381","121.305353"
"桃園市桃園區龍泉六街181號","24.983102","121.268554"
"桃園市桃園區南平路571號","25.018985","121.300366"
"桃園市桃園區中路五段1711號","24.99387997","121.30190407"
"桃園市桃園區中華路61號","24.990723","121.310448"
"桃園市桃園區中華路31號","24.990925","121.311169"
"桃園市桃園區復興路31號","24.990817","121.317298"
"桃園市龍潭區南龍段751號","24.86394012","121.21629828"
"桃園市中壢區松智二街91號","24.959048","121.171737"
"桃園市中壢區石頭段1號","24.96563047","121.22513412"
"桃園市觀音區九如一街43巷1號","25.042898","121.14304"
"桃園市觀音區中山路一段897巷13弄1號","25.031462","121.104439"
"桃園市觀音區莊一街1號","25.04391","121.133997"
"桃園市觀音區樹林段901號","25.03653798","121.08201878"
"桃園市中壢區仁愛段1141號","24.96563047","121.22513412"
"桃園市中壢區仁愛段1141號","24.96563047","121.22513412"
"桃園市龜山區中興段841號","24.99267322","121.3377571"
"桃園市龜山區中興段841號","24.99267322","121.3377571"
"桃園市龜山區中興段841號","24.99267322","121.3377571"
"桃園市龜山區中興段841號","24.99267322","121.3377571"
"桃園市龜山區明興街221巷36弄1號","24.982396","121.334654"
"桃園市龜山區茶專路201巷2弄1號","24.993223","121.364007"
"桃園市平鎮區環南路二段271號","24.940547","121.215567"
"桃園市平鎮區中豐路510巷31號","24.93564342","121.21461263"
"桃園市平鎮區興華街101巷12弄1號","24.94502","121.201716"
"桃園市八德區大勤街100巷18弄1號","24.948459","121.286992"
"桃園市八德區豐田一路1號","24.9265956","121.28972246"
"桃園市八德區桃德段541號","24.92893097","121.28463376"
"桃園市平鎮區高雙路1號","24.9583","121.192016"
"桃園市平鎮區環南路二段1號","24.944691","121.209037"
"桃園市八德區廣興五街91號","24.933683","121.279166"
"桃園市八德區公園路91號","24.967091","121.297512"
"桃園市八德區豐田一路121號","24.926295","121.284553"
"桃園市八德區金和路31號","24.95480659","121.29750449"
"桃園市蘆竹區奉化路211號","25.037831","121.29178"
"桃園市蘆竹區坑子口段頭前小段151號","25.04693352","121.29508445"
"桃園市大園區埔心段三塊厝小段451號","25.06384279","121.19558068"
"桃園市大園區港口段151號","25.06384279","121.19558068"
"桃園市大園區港口段31號","25.06384279","121.19558068"
"桃園市蘆竹區南竹段271號","25.04693352","121.29508445"
"桃園市蘆竹區中正路1號","25.040718","121.295284"
"桃園市蘆竹區福興段361號","25.04693352","121.29508445"
"桃園市蘆竹區南竹段631號","25.04693352","121.29508445"
"桃園市大園區中華路1號","25.066081","121.197235"
"桃園市蘆竹區南昌路282巷1號","25.039268","121.292828"
"桃園市大園區五塊厝段下埔小段901號","25.06384279","121.19558068"
"桃園市蘆竹區新南路一段31號","25.046062","121.294506"
"桃園市大園區竹圍段拔子林小段181號","25.06384279","121.19558068"
"桃園市大園區中山南路一段78巷31號","25.050117","121.208524"
"桃園市蘆竹區坑子口段頭前小段151號","25.04693352","121.29508445"
"桃園市大園區竹圍段海方厝小段61號","25.06384279","121.19558068"
"桃園市大園區公園路一段61號","25.004243","121.210569"
"桃園市大園區竹圍街31號","25.105198","121.243646"
"桃園市蘆竹區蘆興段721號","25.04693352","121.29508445"
"桃園市大園區華興段721號","25.06384279","121.19558068"
"桃園市蘆竹區南福街31號","25.041561","121.291866"
"桃園市大園區五塊厝段下埔小段991號","25.06384279","121.19558068"
"桃園市大園區竹圍段崁下小段1號","25.06384279","121.19558068"
"桃園市大園區埔心段海豐坡小段271號","25.06384279","121.19558068"
"桃園市大園區竹圍段三塊石小段1531號","25.06384279","121.19558068"
"桃園市大園區拔子林一路211號","25.076412","121.26440373"
"桃園市大園區拔子林一路211號","25.076412","121.26440373"
"桃園市大園區拔子林一路211號","25.076412","121.26440373"
"桃園市大園區埔心段海豐坡小段841號","25.06384279","121.19558068"
"桃園市蘆竹區大華街201巷1號","25.043068","121.258508"
"桃園市大園區沙崙段後厝小段691號","25.06384279","121.19558068"
"桃園市大園區沙崙段後厝小段691號","25.06384279","121.19558068"
"桃園市大園區沙崙段沙崙小段31號","25.06384279","121.19558068"
"桃園市大園區橫山段橫山小段31號","25.06384279","121.19558068"
"桃園市楊梅區秀才段1321號","24.90767527","121.14575321"
"桃園市楊梅區金山街275巷31號","24.911067","121.160813"
"桃園市楊梅區民富路一段366巷16弄1號","24.921596","121.127686"
"桃園市楊梅區永寧路1巷31號","24.902664","121.147262"
"桃園市大園區沙崙里15鄰沙崙1號","25.06384279","121.19558068"
"桃園市新屋區頭洲段991號","24.97248034","121.10548076"
"桃園市新屋區中正段361號","24.97248034","121.10548076"
"桃園市楊梅區草湳坡段埔心小段1號","24.90767527","121.14575321"
"桃園市蘆竹區南崁廟口段羊稠坑小段331號","25.04693352","121.29508445"
"桃園市大園區埔心段埔心小段1471號","25.06384279","121.19558068"
"桃園市蘆竹區南崁下段571號","25.04693352","121.29508445"
"桃園市大園區埔心段埔心小段631號","25.06384279","121.19558068"
"桃園市八德區高城八街61號","24.977982","121.273893"
"桃園市八德區東勇街69巷1號","24.962691","121.306476"
"桃園市大園區園九街1號","25.05309","121.175537"
"桃園市大園區沙崙段埔頂小段61號","25.06384279","121.19558068"
"桃園市大園區五塊厝段下埔小段391號","25.06384279","121.19558068"
"桃園市平鎮區中正三路61號","24.928096","121.255789"
"桃園市平鎮區忠貞段361號","24.94570169","121.21823451"
"桃園市平鎮區忠貞段361號","24.94570169","121.21823451"
"桃園市平鎮區忠貞段361號","24.94570169","121.21823451"
"桃園市龜山區萬壽路一段369巷1號","25.01645342","121.40138463"
"桃園市龜山區楓義段1171號","24.99267322","121.3377571"
"桃園市蘆竹區六福路211號","25.060197","121.296698"
"桃園市八德區富城街1號","24.975313","121.27216"
"桃園市大園區埔心段三塊厝小段721號","25.06384279","121.19558068"
"桃園市蘆竹區八股段931號","25.04693352","121.29508445"
"桃園市大園區五塊厝段下埔小段781號","25.06384279","121.19558068"
"桃園市大園區高鐵南路一段31號","25.011935","121.212419"
"桃園市大園區大牛稠段倒厝子小段541號","25.06384279","121.19558068"
"桃園市大園區五塊厝段下埔小段1201號","25.06384279","121.19558068"
"桃園市龍潭區聖德街57巷1號","24.885423","121.203259"
"桃園市楊梅區中山北路一段199巷1號","24.906538","121.155475"
"桃園市楊梅區中山北路二段265巷32弄1號","24.909799","121.173891"
"桃園市楊梅區青山三街61號","24.919713","121.17157"
"桃園市新屋區崁頭厝段崁頭厝小段961號","24.97248034","121.10548076"
"桃園市楊梅區長紅段721號","24.90767527","121.14575321"
"桃園市楊梅區環南路162巷1號","24.90155","121.1457"
"桃園市楊梅區環南路109巷1號","24.901329","121.146901"
"桃園市新屋區下田心子段赤牛欄小段1831號","24.97248034","121.10548076"
"桃園市新屋區石牌嶺段661號","24.97248034","121.10548076"
"桃園市楊梅區民生段751號","24.90767527","121.14575321"
"桃園市新屋區石牌嶺段1381號","24.97248034","121.10548076"
"桃園市楊梅區楊富段1141號","24.90767527","121.14575321"
"桃園市大園區埔心段海豐坡小段211號","25.06384279","121.19558068"
"桃園市蘆竹區宏昌段511號","25.04693352","121.29508445"
"桃園市蘆竹區大興十街91號","25.021446","121.255106"
"桃園市蘆竹區八股段1051號","25.04693352","121.29508445"
"桃園市大園區大牛稠段倒厝子小段631號","25.06384279","121.19558068"
"桃園市大園區青昇路一段132巷186弄1號","25.010719","121.226113"
"桃園市大園區園航路391號","25.05725","121.175634"
"桃園市蘆竹區海山路二段海寧巷6弄1號","25.107606","121.255563"
"桃園市大園區埔心段埔心小段601號","25.06384279","121.19558068"
"桃園市大園區五塊厝段大埔小段1591號","25.06384279","121.19558068"
"桃園市大園區五塊厝段大埔小段1591號","25.06384279","121.19558068"
"桃園市大園區五塊厝段大埔小段1591號","25.06384279","121.19558068"
"桃園市大園區大觀路600巷12弄1號","25.062992","121.175968"
"桃園市大園區沙崙段後厝小段691號","25.06384279","121.19558068"
"桃園市大園區竹圍段三塊石小段421號","25.06384279","121.19558068"
"桃園市大園區五塊厝段下埔小段631號","25.06384279","121.19558068"
"桃園市大園區埔心段海豐坡小段571號","25.06384279","121.19558068"
"桃園市大園區五塊厝段下埔小段871號","25.06384279","121.19558068"
"桃園市大園區埔心段埔心小段1261號","25.06384279","121.19558068"
"桃園市大園區和平西路67巷1號","25.057721","121.198179"
"桃園市大園區埔心段埔心小段1891號","25.06384279","121.19558068"
"桃園市大園區竹圍段三塊石小段271號","25.06384279","121.19558068"
"桃園市大園區和平西路二段682巷31號","25.027843","121.181367"
"桃園市蘆竹區八股段691號","25.04693352","121.29508445"
"桃園市大園區三石里6鄰三塊石31號","25.064693","121.249017"
"桃園市大園區福德路178巷30弄1號","25.07525","121.256012"
"桃園市大園區大牛稠段大牛稠小段1號","25.06384279","121.19558068"
"桃園市大園區埔心段埔心小段1561號","25.06384279","121.19558068"
"桃園市大園區竹圍段竹圍小段181號","25.06384279","121.19558068"
"桃園市蘆竹區坑子口段頭前小段151號","25.04693352","121.29508445"
"桃園市大園區橫山段尖山小段61號","25.06384279","121.19558068"
"桃園市大園區竹圍街121號","25.105208","121.243534"
"桃園市大園區溪海路153巷1號","25.035061","121.19174323"
"桃園市八德區中正一路121號","24.930138","121.283159"
"桃園市八德區大智段841號","24.92893097","121.28463376"
"桃園市八德區廣福路20巷1號","24.958793","121.29876"
"桃園市八德區中正一路121號","24.930138","121.283159"
"桃園市八德區豐田一路31號","24.9262057","121.2890575"
"桃園市平鎮區六和段901號","24.94570169","121.21823451"
"桃園市平鎮區六和段751號","24.94570169","121.21823451"
"桃園市平鎮區民族路二段23巷1號","24.956916","121.207729"
"桃園市平鎮區文化街271號","24.951016","121.203656"
"桃園市平鎮區東安段481號","24.94570169","121.21823451"
"桃園市平鎮區建安路236巷121號","24.917299","121.237481"
"桃園市平鎮區山子頂段151號","24.94570169","121.21823451"
"桃園市龜山區光路千禧新城1號","24.99267322","121.3377571"
"桃園市龜山區宏慶街31號","25.018835","121.410118"
"桃園市龜山區明德路241號","24.991024","121.342717"
"桃園市平鎮區六和段751號","24.94570169","121.21823451"
"桃園市平鎮區六和段931號","24.94570169","121.21823451"
"桃園市中壢區仁愛段1141號","24.96563047","121.22513412"
"桃園市中壢區仁愛段1141號","24.96563047","121.22513412"
"桃園市觀音區藍埔段2131號","25.03653798","121.08201878"
"桃園市中壢區徐州街1號","24.950237","121.235316"
"桃園市中壢區大江段1號","24.96563047","121.22513412"
"桃園市大溪區三層段柑坪小段1號","24.88063316","121.28702893"
"桃園市大溪區三層段柑坪小段1號","24.88063316","121.28702893"
"桃園市大溪區石屯段上石屯小段1號","24.88063316","121.28702893"
"桃園市大溪區僑愛一街72巷16弄1號","24.922427","121.29388"
"桃園市大溪區半屏段271號","24.88063316","121.28702893"
"桃園市大溪區溪崁段1111號","24.88063316","121.28702893"
"桃園市桃園區溫州街61號","25.00688","121.2974"
"桃園市桃園區中埔六街1號","25.015397","121.296443"
"桃園市桃園區南平路254巷1號","25.019293","121.300303"
"桃園市桃園區大業路一段31號","25.004022","121.318058"
"桃園市桃園區桃鶯路361號","24.980767","121.31977"
"桃園市桃園區莊敬路二段181號","25.021351","121.291157"
"桃園市桃園區龍壽段421號","24.99387997","121.30190407"
"桃園市桃園區中正路1381號","25.023957","121.294617"
"桃園市龜山區文化三路1巷61號","25.061723","121.361801"
"桃園市桃園區永樂街61號","24.996905","121.310935"
"桃園市龜山區大同路236巷31號","24.989956","121.344299"
"桃園市龜山區幸福十七街1號","24.985967","121.336813"
"桃園市龜山區幸福七街1號","24.986304","121.335054"
"桃園市龜山區振興路58巷3弄1號","25.00351","121.350944"
"桃園市龜山區振興路58巷2弄1號","25.0033","121.350872"
"桃園市龜山區長慶三街1號","24.99267322","121.3377571"
"桃園市龜山區文化三路61號","25.059245","121.363008"
"桃園市中壢區青溪段211號","24.96563047","121.22513412"
"桃園市中壢區榮安十五街35巷1號","24.961294","121.258996"
"桃園市中壢區文發路151號","25.002301","121.209003"
"桃園市中壢區百韜二街52巷1號","24.943971","121.227674"
"桃園市中壢區復華八街1號","24.971234","121.246867"
"桃園市中壢區新中北路二段170巷61號","24.954471","121.263345"
"桃園市中壢區仁祥段1051號","24.96563047","121.22513412"
"桃園市中壢區執信一街151號","24.945301","121.22772"
"桃園市中壢區青商路121號","25.00651","121.217689"
"桃園市中壢區啟文段721號","24.96563047","121.22513412"
"桃園市中壢區普義路217巷1號","24.961397","121.230865"
"桃園市觀音區福德街271號","25.04507342","121.13663763"
"桃園市中壢區精忠二街1號","24.97126","121.25617"
"桃園市觀音區濱海段931號","25.03653798","121.08201878"
"桃園市中壢區大路段601號","24.96563047","121.22513412"
"桃園市觀音區大湖路二段387巷1號","25.003066","121.128826"
"桃園市中壢區中北段151號","24.96563047","121.22513412"
"桃園市中壢區福州一街241號","24.967347","121.232892"
"桃園市中壢區中央西路二段192巷1號","24.959536","121.213088"
"桃園市大溪區瑞興段1441號","24.88063316","121.28702893"
"桃園市龍潭區中豐路461巷106弄61號","24.883774","121.20932"
"桃園市龍潭區大平段451號","24.86394012","121.21629828"
"桃園市龍潭區健行段121號","24.86394012","121.21629828"
"桃園市大溪區大綸31號","24.923479","121.296805"
"桃園市龍潭區德林路121巷37弄1號","24.882356","121.201851"
"桃園市龍潭區渴望二路99巷241號","24.843918","121.184902"
"桃園市楊梅區二重溪段1號","24.90767527","121.14575321"
"桃園市楊梅區楊新北路211號","24.911137","121.156147"
"桃園市楊梅區楊新北路381巷2弄1號","24.912276","121.15588"
"桃園市新屋區長祥段91號","24.97248034","121.10548076"
"桃園市楊梅區高雙段241號","24.90767527","121.14575321"
"桃園市楊梅區永美路401巷61號","24.913486","121.180598"
"桃園市楊梅區東森路91號","24.888504","121.164802"
"桃園市桃園區幸福路271號","25.029442","121.304613"
"桃園市桃園區大有路541號","25.014831","121.317133"
"桃園市中壢區自強一路91號","24.976334","121.244312"
"桃園市中壢區溪洲街241號","24.961108","121.2292"
"桃園市觀音區公園三街13巷1號","24.970321","121.146456"
"桃園市中壢區高鐵南路三段727巷91號","24.987207","121.192244"
"桃園市中壢區雙嶺段1441號","24.96563047","121.22513412"
"桃園市中壢區雙嶺段1441號","24.96563047","121.22513412"
"桃園市中壢區雙嶺段1441號","24.96563047","121.22513412"
"桃園市中壢區龍川四街31號","24.936903","121.245868"
"桃園市中壢區大仁二街1號","24.954449","121.242134"
"桃園市觀音區永吉街61號","25.050082","121.11968"
"桃園市桃園區幸福路271號","25.029442","121.304613"
"桃園市桃園區幸福路271號","25.029442","121.304613"
"桃園市桃園區幸福路271號","25.029442","121.304613"
"桃園市桃園區幸福路271號","25.029442","121.304613"
"桃園市桃園區文中東路61號","24.996041","121.296714"
"桃園市桃園區漢中路91號","24.980781","121.303862"
"桃園市桃園區國強一街168巷31號","24.993645","121.284857"
"桃園市桃園區和平段571號","24.99387997","121.30190407"
"桃園市桃園區文中路47巷1號","24.995641","121.293735"
"桃園市桃園區經國路1號","25.00887","121.31084"
"桃園市桃園區永安路765巷1號","25.007514","121.290536"
"桃園市桃園區中正路1381號","25.023957","121.294617"
"桃園市桃園區文中東路61號","24.996041","121.296714"
"桃園市桃園區大興西路二段139巷151號","25.00887","121.298443"
"桃園市桃園區慈文路871號","25.000764","121.291351"
"桃園市桃園區龍壽街86巷1號","24.980696","121.269373"
"桃園市桃園區中正五街181號","25.005259","121.301495"
"桃園市桃園區文中三路61號","24.99736942","121.28863463"
"桃園市桃園區同德六街151號","25.01532","121.296851"
"桃園市桃園區龍泉六街1號","24.983543","121.270836"
"桃園市桃園區大有路511號","25.014218","121.317457"
"桃園市桃園區大樹林段661號","24.99387997","121.30190407"
"桃園市桃園區幸福路151號","25.029442","121.304613"
"桃園市桃園區富國路681巷19弄1號","25.020916","121.280623"
"桃園市桃園區文中三路1號","24.99387997","121.30190407"
"桃園市桃園區大仁路1號","24.973763","121.324278"
"桃園市桃園區保定三街89巷31號","24.99694042","121.29828163"
"桃園市桃園區埔子段北門埔子小段61號","24.99387997","121.30190407"
"桃園市桃園區和平段541號","24.99387997","121.30190407"
"桃園市桃園區玉山街52巷1號","24.989657","121.300816"
"桃園市桃園區樹仁三街131巷26弄1號","24.973807","121.32048"
"桃園市桃園區寶山街181號","25.01244","121.316951"
"桃園市桃園區永安路1188巷1弄1號","25.010723","121.280793"
"桃園市桃園區莊敬路二段121號","25.022207","121.292246"
"桃園市桃園區幸福路271號","25.029442","121.304613"
"桃園市桃園區幸福路271號","25.029442","121.304613"
"桃園市桃園區幸福路301號","25.029442","121.304613"
"桃園市桃園區幸福路301號","25.029442","121.304613"
"桃園市桃園區幸福路301號","25.029442","121.304613"
"桃園市桃園區幸福路301號","25.029442","121.304613"
"桃園市桃園區幸福路301號","25.029442","121.304613"
"桃園市桃園區幸福路301號","25.029442","121.304613"
"桃園市中壢區大智街1號","24.953305","121.241122"
"桃園市中壢區華美三路301號","24.947104","121.259588"
"桃園市中壢區華美三路331號","24.94653342","121.25895263"
"桃園市中壢區復華七街1號","24.969606","121.246856"
"桃園市中壢區中興段91號","24.96563047","121.22513412"
"桃園市觀音區安和街241號","25.05316142","121.12300363"
"桃園市中壢區協同街31號","24.953688","121.23933"
"桃園市中壢區環北路151號","24.966759","121.220972"
"桃園市中壢區華美三路301號","24.947104","121.259588"
"桃園市中壢區華美三路301號","24.947104","121.259588"
"桃園市中壢區華美三路301號","24.947104","121.259588"
"桃園市中壢區華美三路331號","24.94653342","121.25895263"
"桃園市中壢區華美三路331號","24.94653342","121.25895263"
"桃園市中壢區華美三路301號","24.947104","121.259588"
"桃園市中壢區華美三路301號","24.947104","121.259588"
"桃園市中壢區領航南路四段31號","25.015711","121.220949"
"桃園市中壢區領航南路四段31號","25.015711","121.220949"
"桃園市桃園區經國路393巷1號","25.01661","121.30498"
"桃園市桃園區福林街31號","24.974785","121.303403"
"桃園市桃園區民生路301號","24.997592","121.311551"
"桃園市桃園區經國路61號","25.026542","121.301017"
"桃園市桃園區大興西路二段1號","25.012014","121.299958"
"桃園市桃園區同德六街158巷1號","25.015799","121.297023"
"桃園市桃園區民生路661號","25.00747","121.308022"
"桃園市桃園區復興路151號","24.98982","121.3113"
"桃園市桃園區大業路一段421號","25.014862","121.311547"
"桃園市桃園區民富十三街1號","25.012494","121.320319"
"桃園市桃園區天祥一街61號","25.011564","121.305618"
"桃園市楊梅區四維路151號","24.912127","121.182209"
"桃園市楊梅區環南路141巷11弄1號","24.900916","121.146397"
"桃園市楊梅區文化街568巷1號","24.906562","121.178153"
"桃園市楊梅區金龍三路1號","24.91173042","121.18651463"
"桃園市楊梅區金龍三路1號","24.91173042","121.18651463"
"桃園市新屋區中山西路二段800巷31號","24.98372742","121.05912663"
"桃園市楊梅區中山北路二段87巷2弄31號","24.907789","121.168775"
"桃園市新屋區社子段601號","24.97248034","121.10548076"
"桃園市新屋區中山西路二段800巷31號","24.98372742","121.05912663"
"桃園市新屋區中山西路二段800巷31號","24.98372742","121.05912663"
"桃園市新屋區榔段上號","24.97248034","121.10548076"
"桃園市大溪區草厝江段1號","24.88063316","121.28702893"
"桃園市龍潭區干城路211號","24.873187","121.20967"
"桃園市龍潭區和原段2401號","24.86394012","121.21629828"
"桃園市龍潭區竹龍段601號","24.86394012","121.21629828"
"桃園市大溪區仁善段1351號","24.88063316","121.28702893"
"桃園市大溪區文化路153巷31號","24.877617","121.291839"
"桃園市大溪區文化路153巷31號","24.877617","121.291839"
"桃園市中壢區興南段公坡小段541號","24.96563047","121.22513412"
"桃園市龍潭區民治一街47巷1號","24.825037","121.237275"
"桃園市中壢區龍岡路三段154巷1號","24.935917","121.233111"
"桃園市觀音區安和街121號","25.051345","121.120291"
"桃園市中壢區民族路五段328巷1號","24.958628","121.169757"
"桃園市中壢區中山東路一段223巷89弄1號","24.958271","121.23635"
"桃園市中壢區五光二街1號","24.959243","121.211014"
"桃園市中壢區強國路61號","24.967639","121.258352"
"桃園市中壢區青埔四街61號","25.005497","121.219766"
"桃園市中壢區萬能段61號","24.96563047","121.22513412"
"桃園市中壢區普騰街26巷1號","24.963767","121.256013"
"桃園市中壢區內壢段1771號","24.96563047","121.22513412"
"桃園市中壢區興仁路二段648巷1號","24.957422","121.264427"
"桃園市觀音區福壽街1號","25.053644","121.121574"
"桃園市中壢區後寮一路271號","24.937131","121.246504"
"桃園市中壢區中山東路一段91巷23弄1號","24.956776","121.230818"
"桃園市觀音區金湖段691號","25.03653798","121.08201878"
"桃園市中壢區龍岡路三段今日新村31號","24.938099","121.231312"
"桃園市觀音區草豊段31號","25.03653798","121.08201878"
"桃園市中壢區環北路541號","24.964642","121.22914"
"桃園市中壢區青平段61號","24.96563047","121.22513412"
"桃園市中壢區中北段1141號","24.96563047","121.22513412"
"桃園市中壢區中北段1141號","24.96563047","121.22513412"
"桃園市中壢區力行北街121號","24.955873","121.238127"
"桃園市中壢區忠福段1951號","24.96563047","121.22513412"
"桃園市中壢區中壢埔頂段1321號","24.96563047","121.22513412"
"桃園市中壢區中平路161151號","24.956313","121.221036"
"桃園市觀音區工業區段二小段31號","25.03653798","121.08201878"
"桃園市觀音區莊敬路361號","25.04676442","121.13671263"
"桃園市觀音區莊敬路61號","25.041537","121.134595"
"桃園市龜山區文山街37巷1號","25.056153","121.380745"
"桃園市龜山區文昌三街91號","25.056754","121.368864"
"桃園市龜山區舊路坑二段631號","24.99267322","121.3377571"
"桃園市桃園區大仁路48巷1號","24.972733","121.323138"
"桃園市桃園區大仁路40巷1弄1號","24.97293","121.323215"
"桃園市桃園區介壽路495巷61號","24.977078","121.304632"
"桃園市桃園區介壽路495巷61號","24.977078","121.304632"
"桃園市桃園區介壽路495巷61號","24.977078","121.304632"
"桃園市桃園區介壽路495巷61號","24.977078","121.304632"
"桃園市桃園區介壽路495巷61號","24.977078","121.304632"
"桃園市桃園區介壽路495巷61號","24.977078","121.304632"
"桃園市桃園區樹仁三街15巷1號","24.974716","121.323388"
"桃園市龍潭區富林段241號","24.86394012","121.21629828"
"桃園市中壢區大江段1號","24.96563047","121.22513412"
"桃園市中壢區青商路301號","25.012742","121.222709"
"桃園市中壢區領航南路四段1號","25.017886","121.223897"
"桃園市桃園區春日路658巷1號","25.01031","121.31155"
"桃園市桃園區寶慶路121號","25.017859","121.290584"
"桃園市桃園區天祥五街1號","25.018664","121.304134"
"桃園市平鎮區大勇街和平巷1號","24.928717","121.223171"
"桃園市龜山區長峰路61號","25.002139","121.341047"
"桃園市龜山區頂興路37巷2弄1號","24.990561","121.328985"
"桃園市平鎮區賦梅路680巷1號","24.93417","121.195231"
"桃園市平鎮區賦梅路680巷1號","24.93417","121.195231"
"桃園市平鎮區長安路3巷1號","24.956262","121.196037"
"桃園市平鎮區游泳路91號","24.927991","121.23658"
"桃園市平鎮區上海路89巷1號","24.910588","121.206265"
"桃園市平鎮區上海路211號","24.91527","121.206165"
"桃園市平鎮區中豐路山頂段1巷31號","24.905192","121.212011"
"桃園市平鎮區南平路121巷54弄1號","24.917574","121.20772"
"桃園市平鎮區延平路二段1號","24.95033","121.214651"
"桃園市八德區福興段1號","24.92893097","121.28463376"
"桃園市八德區銀和街71巷1號","24.956524","121.297548"
"桃園市八德區明光街49巷1號","24.982991","121.279502"
"桃園市大園區沙崙段後厝小段601號","25.06384279","121.19558068"
"桃園市大園區竹圍段三塊石小段1411號","25.06384279","121.19558068"
"桃園市八德區榮興路868巷1號","24.939777","121.304922"
"桃園市八德區高城六街61號","24.978752","121.273688"
"桃園市大園區華興路二段478巷61號","25.028566","121.201545"
"桃園市大園區和平西路一段53巷1號","25.052066","121.192524"
"桃園市大園區華興路二段478巷61號","25.028566","121.201545"
"桃園市大園區埔心段埔心小段1471號","25.06384279","121.19558068"
"桃園市蘆竹區忠孝西路182巷31號","25.040053","121.28841"
"桃園市大園區埔心段埔心小段1081號","25.06384279","121.19558068"
"桃園市蘆竹區坑子口段頭前小段211號","25.04693352","121.29508445"
"桃園市大園區埔心段埔心小段751號","25.06384279","121.19558068"
"桃園市大園區五青路382巷91號","25.021131","121.230434"
"桃園市大園區五青路382巷91號","25.021131","121.230434"
"桃園市大園區五青路382巷91號","25.021131","121.230434"
"桃園市大園區埔心段海豐坡小段361號","25.06384279","121.19558068"
"桃園市大園區華興路二段478巷61號","25.028566","121.201545"
"桃園市大園區溪海段601號","25.06384279","121.19558068"
"桃園市大園區大牛稠段大牛稠小段751號","25.06384279","121.19558068"
"桃園市大園區沙崙段沙崙小段1681號","25.06384279","121.19558068"
"桃園市蘆竹區富興段541號","25.04693352","121.29508445"
"桃園市蘆竹區富興段841號","25.04693352","121.29508445"
"桃園市蘆竹區富興段841號","25.04693352","121.29508445"
"桃園市蘆竹區富興段841號","25.04693352","121.29508445"
"桃園市蘆竹區新福段241號","25.04693352","121.29508445"
"桃園市蘆竹區河底段991號","25.04693352","121.29508445"
"桃園市蘆竹區河底段991號","25.04693352","121.29508445"
"桃園市蘆竹區富國路一段175巷31號","25.029258","121.275396"
"桃園市蘆竹區富興段121號","25.04693352","121.29508445"
"桃園市大園區大牛稠段倒厝子小段571號","25.06384279","121.19558068"
"桃園市大園區信義街91號","25.064929","121.200584"
"桃園市蘆竹區大新一街118巷1號","25.021316","121.257161"
"桃園市大園區園航路391號","25.05725","121.175634"
"桃園市蘆竹區中正路1號","25.040718","121.295284"
"桃園市蘆竹區新庄子段1441號","25.04693352","121.29508445"
"桃園市大園區聖德段91號","25.06384279","121.19558068"
"桃園市大園區南園段421號","25.06384279","121.19558068"
"桃園市蘆竹區奉化路1號","25.041393","121.285311"
"桃園市蘆竹區富興段841號","25.04693352","121.29508445"
"桃園市大園區沙崙段埔頂小段421號","25.06384279","121.19558068"
"桃園市大園區沙崙段埔頂小段421號","25.06384279","121.19558068"
"桃園市大園區華興路二段478巷61號","25.028566","121.201545"
"桃園市大園區沙崙段後厝小段751號","25.06384279","121.19558068"
"桃園市大園區橫山段橫山小段241號","25.06384279","121.19558068"
"桃園市蘆竹區大新路869巷2弄1號","25.022267","121.243015"
"桃園市大園區埔心段埔心小段1411號","25.06384279","121.19558068"
"桃園市大園區大牛稠段大牛稠小段91號","25.06384279","121.19558068"
"桃園市楊梅區金山街1號","24.909356","121.154497"
"桃園市楊梅區雙榮段1561號","24.90767527","121.14575321"
"桃園市楊梅區快速路五段825巷17弄1號","24.949402","121.161958"
"桃園市楊梅區三民東路241號","24.907106","121.17023"
"桃園市新屋區崁頭厝段崁頭厝小段991號","24.97248034","121.10548076"
"桃園市新屋區崁頭厝段崁頭厝小段1021號","24.97248034","121.10548076"
"桃園市楊梅區上田段301號","24.90767527","121.14575321"
"桃園市楊梅區青山五街1號","24.921189","121.1715"
"桃園市楊梅區高獅路834巷1號","24.922531","121.168485"
"桃園市大園區竹圍段崁腳小段1號","25.06384279","121.19558068"
"桃園市楊梅區金龍三路1號","24.91173042","121.18651463"
"桃園市新屋區蚵殼港段深圳小段511號","24.97248034","121.10548076"
"桃園市新屋區蚵殼港段深圳小段511號","24.97248034","121.10548076"
"桃園市新屋區蚵殼港段深圳小段511號","24.97248034","121.10548076"
"桃園市龍潭區民治十六街241號","24.82314","121.23234"
"桃園市新屋區東勢段甲頭厝小段631號","24.97248034","121.10548076"
"桃園市蘆竹區長興路一段31號","25.072184","121.28798"
"桃園市蘆竹區長興路一段31號","25.072184","121.28798"
"桃園市蘆竹區南崁廟口段營盤坑小段91號","25.04693352","121.29508445"
"桃園市大園區華興段901號","25.06384279","121.19558068"
"桃園市八德區東勇街45巷1號","24.961935","121.306417"
"桃園市八德區新霄裡段31號","24.92893097","121.28463376"
"桃園市八德區豐田段1351號","24.92893097","121.28463376"
"桃園市八德區中華段811號","24.92893097","121.28463376"
"桃園市八德區仁德路151號","24.935767","121.286161"
"桃園市大園區大牛稠段大牛稠小段61號","25.06384279","121.19558068"
"桃園市大園區拔子林三路53巷17弄31號","25.078354","121.263153"
"桃園市大園區沙崙段坡堵小段361號","25.06384279","121.19558068"
"桃園市大園區沙崙里17鄰沙崙91號","25.088911","121.2159"
"桃園市蘆竹區南竹段241號","25.04693352","121.29508445"
"桃園市大園區五塊厝段下埔小段721號","25.06384279","121.19558068"
"桃園市八德區桃德段541號","24.92893097","121.28463376"
"桃園市八德區後庄91號","24.92893097","121.28463376"
"桃園市平鎮區中豐路南勢二段369巷1號","24.909929","121.211818"
"桃園市平鎮區金陵路二段1巷1號","24.943288","121.222826"
"桃園市平鎮區東金段1021號","24.94570169","121.21823451"
"桃園市八德區高城八街19巷31號","24.977172","121.275406"
"桃園市龜山區萬壽路二段1231號","24.992978","121.329122"
"桃園市龜山區山福段331號","24.99267322","121.3377571"
"桃園市龜山區山德段721號","24.99267322","121.3377571"
"桃園市龜山區民生北路一段31號","25.03142","121.3034"
"桃園市龜山區自由街8巷1號","25.018234","121.403675"
"桃園市平鎮區大興街88巷31號","24.910481","121.208289"
"桃園市龜山區頂湖段1081號","24.99267322","121.3377571"
"桃園市八德區大勇段151號","24.92893097","121.28463376"
"桃園市八德區大華段571號","24.92893097","121.28463376"
"桃園市蘆竹區大興四街91號","25.015229","121.259619"
"桃園市八德區廣興三路42巷31號","24.935213","121.284273"
"桃園市大園區竹圍段海方厝小段61號","25.06384279","121.19558068"
"桃園市大園區竹圍段海方厝小段61號","25.06384279","121.19558068"
"桃園市楊梅區頭重溪段91號","24.90767527","121.14575321"
"桃園市新屋區新屋段後湖小段631號","24.97248034","121.10548076"
"桃園市楊梅區裕成南路361號","24.899042","121.157635"
"桃園市楊梅區金龍三路1號","24.91173042","121.18651463"
"桃園市楊梅區金龍三路1號","24.91173042","121.18651463"
"桃園市楊梅區金龍三路1號","24.91173042","121.18651463"
"桃園市楊梅區金龍三路1號","24.91173042","121.18651463"
"桃園市楊梅區新富一街1號","24.936401","121.090102"
"桃園市楊梅區金龍三路1號","24.91173042","121.18651463"
"桃園市楊梅區啟明段841號","24.90767527","121.14575321"
"桃園市楊梅區環南路171巷9弄1號","24.900695","121.145506"
"桃園市大園區橫山段湳子小段151號","25.06384279","121.19558068"
"桃園市大園區內海墘段751號","25.06384279","121.19558068"
"桃園市大園區客運二段301號","25.06384279","121.19558068"
"桃園市大園區沙崙段沙崙小段571號","25.06384279","121.19558068"
"桃園市蘆竹區南山路一段31號","25.051471","121.292071"
"桃園市蘆竹區龍安街二段1531號","25.016374","121.252679"
"桃園市蘆竹區宏竹段511號","25.04693352","121.29508445"
"桃園市大園區橫山段橫山小段181號","25.06384279","121.19558068"
"桃園市大園區環區西路421號","25.050124","121.165825"
"桃園市大園區青峰段451號","25.06384279","121.19558068"
"桃園市蘆竹區坑子外段外社小段391號","25.04693352","121.29508445"
"桃園市大園區內海墘段691號","25.06384279","121.19558068"
"桃園市蘆竹區大坑段721號","25.04693352","121.29508445"
"桃園市大園區大觀路916巷85弄1號","25.059622","121.164343"
"桃園市大園區濱海路三段52巷1號","25.0848","121.190433"
"桃園市蘆竹區奉化路61號","25.039366","121.288889"
"桃園市大園區五塊厝段下埔小段871號","25.06384279","121.19558068"
"桃園市大園區田心段781號","25.06384279","121.19558068"
"桃園市大園區青山段331號","25.06384279","121.19558068"
"桃園市大園區青峰段481號","25.06384279","121.19558068"
"桃園市大園區青山段331號","25.06384279","121.19558068"
"桃園市大園區青山段331號","25.06384279","121.19558068"
"桃園市大園區埔心段三塊厝小段211號","25.06384279","121.19558068"
"桃園市蘆竹區光明路二段31號","25.04558242","121.28763963"
"桃園市八德區廣興二路91號","24.932796","121.279237"
"桃園市大園區五塊厝段下埔小段991號","25.06384279","121.19558068"
"桃園市大園區埔心段埔心小段661號","25.06384279","121.19558068"
"桃園市大園區埔心段埔心小段1441號","25.06384279","121.19558068"
"桃園市大園區大觀路1156巷6弄1號","25.055426","121.157892"
"桃園市八德區豐德路89巷55弄1號","24.924597","121.292487"
"桃園市平鎮區六和段871號","24.94570169","121.21823451"
"桃園市八德區博愛街1號","24.930259","121.296767"
"桃園市平鎮區環南路301巷1號","24.950074","121.207499"
"桃園市平鎮區廣西段781號","24.94570169","121.21823451"
"桃園市平鎮區忠貞路1號","24.930118","121.256731"
"桃園市龜山區長慶三街31號","24.99267322","121.3377571"
"桃園市龜山區體大段241號","24.99267322","121.3377571"
"桃園市龜山區萬壽路二段1411號","24.992211","121.324306"
"桃園市平鎮區中豐路山頂段469巷1號","24.894423","121.212234"
"桃園市平鎮區廣泰路232巷87弄1號","24.942338","121.202879"
"桃園市平鎮區環南段631號","24.94570169","121.21823451"
"桃園市平鎮區南平路211號","24.919838","121.206094"
"桃園市平鎮區金陵路二段408巷31號","24.933868","121.224634"
"桃園市龜山區自強段781號","24.99267322","121.3377571"
"桃園市桃園區永康街31號","25.000668","121.304948"
"桃園市桃園區天祥七街80巷1號","25.023415","121.3002"
"桃園市桃園區大興西路二段181號","25.009543","121.295848"
"桃園市桃園區小檜溪段1號","24.99387997","121.30190407"
"桃園市桃園區經國路336巷1號","25.023007","121.304254"
"桃園市桃園區福信街1號","24.99387997","121.30190407"
"桃園市觀音區仁德街31號","25.050385","121.121887"
"桃園市觀音區嘉富路1405巷1號","24.981338","121.134998"
"桃園市中壢區中園路1號","24.96466","121.236277"
"桃園市龍潭區民族路331巷1號","24.837619","121.234732"
"桃園市龍潭區民族路416巷1號","24.836287","121.233449"
"桃園市龍潭區北龍路15巷1號","24.865344","121.210348"
"桃園市龍潭區花園新城二街1號","24.83714","121.235856"
"桃園市桃園區介壽路495巷61號","24.977078","121.304632"
"桃園市龜山區長慶二街91號","25.05514142","121.38399863"
"桃園市龜山區自強南路15巷1號","24.993621","121.340864"
"桃園市龜山區海萍段751號","24.99267322","121.3377571"
"桃園市中壢區成章二街421號","24.980684","121.25573"
"桃園市中壢區成章二街421號","24.980684","121.25573"
"桃園市觀音區富源段931號","25.03653798","121.08201878"
"桃園市中壢區中工段991號","24.96563047","121.22513412"
"桃園市中壢區中原段61號","24.96563047","121.22513412"
"桃園市中壢區清泉街1號","24.94421","121.228085"
"桃園市中壢區永裕路31號","25.00729542","121.20072663"
"桃園市中壢區育樂路31號","24.964909","121.234903"
"桃園市中壢區山安路301號","25.026873","121.169018"
"桃園市中壢區西園路1號","24.971971","121.234544"
"桃園市中壢區興仁路二段27巷1號","24.968023","121.263036"
"桃園市中壢區中原段31號","24.96563047","121.22513412"
"桃園市中壢區領航南路一段61號","25.001012","121.203838"
"桃園市觀音區廣福段331號","25.03653798","121.08201878"
"桃園市大溪區民權東路151號","24.88137","121.293027"
"桃園市大溪區文化路153巷31號","24.877617","121.291839"
"桃園市大溪區文化路153巷31號","24.877617","121.291839"
"桃園市大溪區文化路153巷31號","24.877617","121.291839"
"桃園市大溪區文化路153巷31號","24.877617","121.291839"
"桃園市大溪區文化路153巷31號","24.877617","121.291839"
"桃園市大溪區文化路153巷31號","24.877617","121.291839"
"桃園市大溪區社角段1號","24.88063316","121.28702893"
"桃園市大溪區社角段1號","24.88063316","121.28702893"
"桃園市大溪區社角段361號","24.88063316","121.28702893"
"桃園市大溪區永昌段991號","24.88063316","121.28702893"
"桃園市大溪區瑞興段2161號","24.88063316","121.28702893"
"桃園市大溪區草厝江段301號","24.88063316","121.28702893"
"桃園市龍潭區高平段1891號","24.86394012","121.21629828"
"桃園市龍潭區渴望二路99巷239弄1號","24.844009","121.184826"
"桃園市大溪區華興街18巷1弄1號","24.899174","121.285102"
"桃園市楊梅區新農街541號","24.913063","121.161906"
"桃園市楊梅區民豐段331號","24.90767527","121.14575321"
"桃園市楊梅區民豐段331號","24.90767527","121.14575321"
"桃園市楊梅區民豐段331號","24.90767527","121.14575321"
"桃園市楊梅區民豐段331號","24.90767527","121.14575321"
"桃園市楊梅區民豐段331號","24.90767527","121.14575321"
"桃園市楊梅區民豐段331號","24.90767527","121.14575321"
"桃園市楊梅區金龍三路1號","24.91173042","121.18651463"
"桃園市楊梅區金龍三路1號","24.91173042","121.18651463"
"桃園市楊梅區金龍三路1號","24.91173042","121.18651463"
"桃園市楊梅區金龍三路1號","24.91173042","121.18651463"
"桃園市桃園區中山東路1號","24.995601","121.313264"
"桃園市桃園區金門三街31號","24.982076","121.313801"
"桃園市桃園區經國一路31號","25.02923","121.298683"
"桃園市桃園區經國一路1號","25.028241","121.299443"
"桃園市桃園區經國一路31號","25.02923","121.298683"
"桃園市桃園區三元街121號","25.004009","121.320349"
"桃園市桃園區春日路1259巷1號","25.016986","121.308526"
"桃園市中壢區成功路122巷91號","24.976412","121.262371"
"桃園市中壢區龍仁路31號","24.937166","121.234313"
"桃園市中壢區永平街61號","25.007506","121.203303"
"桃園市桃園區幸福路301號","25.029442","121.304613"
"桃園市桃園區幸福路301號","25.029442","121.304613"
"桃園市桃園區幸福路301號","25.029442","121.304613"
"桃園市桃園區幸福路301號","25.029442","121.304613"
"桃園市桃園區幸福路301號","25.029442","121.304613"
"桃園市桃園區幸福路301號","25.029442","121.304613"
"桃園市桃園區幸福路301號","25.029442","121.304613"
"桃園市桃園區幸福路301號","25.029442","121.304613"
"桃園市桃園區幸福路301號","25.029442","121.304613"
"桃園市桃園區幸福路301號","25.029442","121.304613"
"桃園市桃園區幸福路301號","25.029442","121.304613"
"桃園市桃園區幸福路271號","25.029442","121.304613"
"桃園市桃園區幸福路301號","25.029442","121.304613"
"桃園市桃園區幸福路301號","25.029442","121.304613"
"桃園市桃園區大興西路二段139巷151號","25.00887","121.298443"
"桃園市桃園區民富二街1號","25.00579042","121.31978263"
"桃園市桃園區福山街32巷2弄1號","25.013093","121.310572"
"桃園市桃園區長春路31號","25.000652","121.305566"
"桃園市桃園區大德三街121號","25.016773","121.317475"
"桃園市桃園區大德三街91號","25.016773","121.317475"
"桃園市桃園區同德十街31號","25.018266","121.293759"
